{"cameraMode":{"drawMode":0,"name":"Shaded","section":"Shading Mode"},"sceneLighting":true,"audioPlay":false,"sceneViewState":{"showFog":true,"showMaterialUpdate":false,"showSkybox":true,"showFlares":true,"showImageEffects":true,"showParticleSystems":true},"in2DMode":false,"pivot":{"x":-0.6302289962768555,"y":29.32898712158203,"z":-20.085487365722658},"rotation":{"x":-0.0027371689211577179,"y":0.9967489242553711,"z":-0.07069779932498932,"w":-0.03859250247478485},"size":100.23706817626953,"orthographic":false}